column_name,column_type,null,key,default,extra
ss_sold_date_sk,INTEGER,YES,,,
ss_sold_time_sk,INTEGER,YES,,,
ss_item_sk,INTEGER,YES,,,
ss_customer_sk,INTEGER,YES,,,
ss_cdemo_sk,INTEGER,YES,,,
ss_hdemo_sk,INTEGER,YES,,,
ss_addr_sk,INTEGER,YES,,,
ss_store_sk,INTEGER,YES,,,
ss_promo_sk,INTEGER,YES,,,
ss_ticket_number,INTEGER,YES,,,
ss_quantity,INTEGER,YES,,,
ss_wholesale_cost,"DECIMAL(7,2)",YES,,,
ss_list_price,"DECIMAL(7,2)",YES,,,
ss_sales_price,"DECIMAL(7,2)",YES,,,
ss_ext_discount_amt,"DECIMAL(7,2)",YES,,,
ss_ext_sales_price,"DECIMAL(7,2)",YES,,,
ss_ext_wholesale_cost,"DECIMAL(7,2)",YES,,,
ss_ext_list_price,"DECIMAL(7,2)",YES,,,
ss_ext_tax,"DECIMAL(7,2)",YES,,,
ss_coupon_amt,"DECIMAL(7,2)",YES,,,
ss_net_paid,"DECIMAL(7,2)",YES,,,
ss_net_paid_inc_tax,"DECIMAL(7,2)",YES,,,
ss_net_profit,"DECIMAL(7,2)",YES,,,
