ss_ticket_number,ss_sold_date_sk,ss_item_sk,ss_customer_sk,ss_store_sk,ss_quantity,ss_sales_price,ss_net_profit
1,2451813,3617,67006,10,79,2.80,-779.73
1,2451813,13283,67006,10,37,41.47,-865.95
1,2451813,13631,67006,10,99,83.98,342.54
1,2451813,5981,67006,10,14,6.10,-717.78
1,2451813,4553,67006,10,100,0.73,-2435.00
1,2451813,10993,67006,10,91,93.24,-21.84
1,2451813,49,67006,10,5,6.68,-20.00
1,2451813,4583,67006,10,72,61.50,-1671.84
1,2451813,13538,67006,10,14,0.00,-161.56
1,2451813,3248,67006,10,58,3.52,-60.90
