query,rows,run1_s,median_s,status,error
1,100,0.0236,0.0236,OK,
2,2520,0.0526,0.0526,OK,
3,49,0.0159,0.0159,OK,
4,8,0.2158,0.2158,OK,
5,100,0.0492,0.0492,OK,
6,44,0.0250,0.0250,OK,
7,100,0.0478,0.0478,OK,
8,0,0.0153,0.0153,OK,
9,1,0.1104,0.1104,OK,
10,8,0.0304,0.0304,OK,
11,90,0.1045,0.1045,OK,
12,100,0.0143,0.0143,OK,
13,1,0.0546,0.0546,OK,
14,100+100,0.2862,0.2862,OK,
15,100,0.0176,0.0176,OK,
16,1,0.0242,0.0242,OK,
17,0,0.0352,0.0352,OK,
18,100,0.0342,0.0342,OK,
19,100,0.0290,0.0290,OK,
20,100,0.0105,0.0105,OK,
21,100,0.0127,0.0127,OK,
22,100,0.1851,0.1851,OK,
23,1+0,0.3887,0.3887,OK,
24,0+0,0.0467,0.0467,OK,
25,0,0.0277,0.0277,OK,
26,100,0.0217,0.0217,OK,
27,100,0.0389,0.0389,OK,
28,1,0.0976,0.0976,OK,
29,0,0.0386,0.0386,OK,
30,100,0.0191,0.0191,OK,
31,43,0.0338,0.0338,OK,
32,1,0.0090,0.0090,OK,
33,100,0.0291,0.0291,OK,
34,449,0.0292,0.0292,OK,
35,100,0.0518,0.0518,OK,
36,100,0.0441,0.0441,OK,
37,0,0.0067,0.0067,OK,
38,1,0.0431,0.0431,OK,
39,243+14,0.0526,0.0526,OK,
40,100,0.0162,0.0162,OK,
41,0,0.0053,0.0053,OK,
42,10,0.0149,0.0149,OK,
43,6,0.0278,0.0278,OK,
44,0,0.0068,0.0068,OK,
45,16,0.0189,0.0189,OK,
46,100,0.0528,0.0528,OK,
47,100,0.0748,0.0748,OK,
48,1,0.0417,0.0417,OK,
49,31,0.0472,0.0472,OK,
50,6,0.0315,0.0315,OK,
51,100,0.1711,0.1711,OK,
52,100,0.0165,0.0165,OK,
53,100,0.0208,0.0208,OK,
54,0,0.0292,0.0292,OK,
55,100,0.0157,0.0157,OK,
56,100,0.0294,0.0294,OK,
57,100,0.0370,0.0370,OK,
58,0,0.0269,0.0269,OK,
59,100,0.0621,0.0621,OK,
60,100,0.0326,0.0326,OK,
61,1,0.0124,0.0124,OK,
62,100,0.0184,0.0184,OK,
63,100,0.0217,0.0217,OK,
64,7,0.1181,0.1181,OK,
65,100,0.0327,0.0327,OK,
66,5,0.0304,0.0304,OK,
67,100,0.3017,0.3017,OK,
68,100,0.0561,0.0561,OK,
69,100,0.0321,0.0321,OK,
70,3,0.0346,0.0346,OK,
71,972,0.0318,0.0318,OK,
72,100,0.1819,0.1819,OK,
73,3,0.0260,0.0260,OK,
74,92,0.0840,0.0840,OK,
75,100,0.0705,0.0705,OK,
76,100,0.0371,0.0371,OK,
77,44,0.0396,0.0396,OK,
78,100,0.1230,0.1230,OK,
79,100,0.0414,0.0414,OK,
80,100,0.0561,0.0561,OK,
81,100,0.0188,0.0188,OK,
82,3,0.0152,0.0152,OK,
83,34,0.0126,0.0126,OK,
84,23,0.0121,0.0121,OK,
85,0,0.0298,0.0298,OK,
86,100,0.0133,0.0133,OK,
87,1,0.0474,0.0474,OK,
88,1,0.1068,0.1068,OK,
89,100,0.0252,0.0252,OK,
90,1,0.0082,0.0082,OK,
91,5,0.0222,0.0222,OK,
92,1,0.0104,0.0104,OK,
93,100,0.0440,0.0440,OK,
94,1,0.0210,0.0210,OK,
95,1,0.1483,0.1483,OK,
96,1,0.0146,0.0146,OK,
97,1,0.0485,0.0485,OK,
98,2600,0.0304,0.0304,OK,
99,90,0.0240,0.0240,OK,
