query,rows,run1_s,run2_s,run3_s,median_s,status,error
1,100,0.0341,0.0151,0.0173,0.0173,OK,
2,2520,0.0635,0.0440,0.0428,0.0440,OK,
3,49,0.0554,0.0155,0.0168,0.0168,OK,
4,8,0.2302,0.1705,0.1744,0.1744,OK,
5,100,0.0555,0.0427,0.0447,0.0447,OK,
6,44,0.0261,0.0241,0.0241,0.0241,OK,
7,100,0.0440,0.0305,0.0340,0.0340,OK,
8,0,0.0139,0.0168,0.0162,0.0162,OK,
9,1,0.1100,0.1097,0.1123,0.1100,OK,
10,8,0.0329,0.0326,0.0317,0.0326,OK,
11,90,0.1082,0.1025,0.1095,0.1082,OK,
12,100,0.0148,0.0140,0.0129,0.0140,OK,
13,1,0.0539,0.0551,0.0556,0.0551,OK,
14,100+100,0.2866,0.2864,0.2865,0.2865,OK,
15,100,0.0171,0.0169,0.0180,0.0171,OK,
16,1,0.0225,0.0132,0.0142,0.0142,OK,
17,0,0.0327,0.0364,0.0334,0.0334,OK,
18,100,0.0352,0.0329,0.0352,0.0352,OK,
19,100,0.0289,0.0316,0.0307,0.0307,OK,
20,100,0.0109,0.0121,0.0134,0.0121,OK,
21,100,0.0122,0.0077,0.0091,0.0091,OK,
22,100,0.1680,0.1604,0.1646,0.1646,OK,
23,1+0,0.3543,0.3515,0.3544,0.3543,OK,
24,0+0,0.0443,0.0433,0.0450,0.0443,OK,
25,0,0.0236,0.0248,0.0243,0.0243,OK,
26,100,0.0193,0.0183,0.0205,0.0193,OK,
27,100,0.0341,0.0336,0.0337,0.0337,OK,
28,1,0.0903,0.0912,0.0936,0.0912,OK,
29,0,0.0422,0.0388,0.0393,0.0393,OK,
30,100,0.0214,0.0207,0.0208,0.0208,OK,
31,43,0.0344,0.0349,0.0339,0.0344,OK,
32,1,0.0095,0.0094,0.0099,0.0095,OK,
33,100,0.0306,0.0303,0.0328,0.0306,OK,
34,449,0.0277,0.0272,0.0274,0.0274,OK,
35,100,0.0523,0.0524,0.0556,0.0524,OK,
36,100,0.0423,0.0419,0.0432,0.0423,OK,
37,0,0.0084,0.0075,0.0089,0.0084,OK,
38,1,0.0442,0.0414,0.0511,0.0442,OK,
39,243+14,0.0539,0.0551,0.0579,0.0551,OK,
40,100,0.0143,0.0126,0.0145,0.0143,OK,
41,0,0.0057,0.0071,0.0060,0.0060,OK,
42,10,0.0160,0.0155,0.0155,0.0155,OK,
43,6,0.0271,0.0271,0.0287,0.0271,OK,
44,0,0.0068,0.0071,0.0091,0.0071,OK,
45,16,0.0174,0.0199,0.0184,0.0184,OK,
46,100,0.0528,0.0542,0.0560,0.0542,OK,
47,100,0.0781,0.0788,0.0778,0.0781,OK,
48,1,0.0463,0.0423,0.0460,0.0460,OK,
49,31,0.0412,0.0413,0.0412,0.0412,OK,
50,6,0.0314,0.0306,0.0332,0.0314,OK,
51,100,0.1695,0.1675,0.1676,0.1676,OK,
52,100,0.0172,0.0163,0.0161,0.0163,OK,
53,100,0.0201,0.0226,0.0231,0.0226,OK,
54,0,0.0294,0.0320,0.0282,0.0294,OK,
55,100,0.0158,0.0159,0.0166,0.0159,OK,
56,100,0.0289,0.0294,0.0307,0.0294,OK,
57,100,0.0368,0.0358,0.0371,0.0368,OK,
58,0,0.0274,0.0288,0.0292,0.0288,OK,
59,100,0.0613,0.0621,0.0623,0.0621,OK,
60,100,0.0331,0.0317,0.0314,0.0317,OK,
61,1,0.0126,0.0125,0.0151,0.0126,OK,
62,100,0.0169,0.0180,0.0176,0.0176,OK,
63,100,0.0221,0.0221,0.0217,0.0221,OK,
64,7,0.1150,0.1249,0.1208,0.1208,OK,
65,100,0.0338,0.0336,0.0349,0.0338,OK,
66,5,0.0277,0.0283,0.0278,0.0278,OK,
67,100,0.3176,0.3066,0.3041,0.3066,OK,
68,100,0.0546,0.0532,0.0560,0.0546,OK,
69,100,0.0308,0.0320,0.0339,0.0320,OK,
70,3,0.0353,0.0345,0.0344,0.0345,OK,
71,972,0.0297,0.0298,0.0319,0.0298,OK,
72,100,0.1797,0.1763,0.1778,0.1778,OK,
73,3,0.0275,0.0275,0.0274,0.0275,OK,
74,92,0.0887,0.0847,0.0873,0.0873,OK,
75,100,0.0716,0.0767,0.0751,0.0751,OK,
76,100,0.0373,0.0380,0.0393,0.0380,OK,
77,44,0.0389,0.0388,0.0406,0.0389,OK,
78,100,0.1150,0.1165,0.1194,0.1165,OK,
79,100,0.0415,0.0404,0.0471,0.0415,OK,
80,100,0.0553,0.0543,0.0568,0.0553,OK,
81,100,0.0164,0.0193,0.0157,0.0164,OK,
82,3,0.0155,0.0138,0.0129,0.0138,OK,
83,34,0.0138,0.0130,0.0150,0.0138,OK,
84,23,0.0111,0.0117,0.0131,0.0117,OK,
85,0,0.0280,0.0305,0.0306,0.0305,OK,
86,100,0.0154,0.0139,0.0153,0.0153,OK,
87,1,0.0470,0.0512,0.0475,0.0475,OK,
88,1,0.0994,0.1024,0.1023,0.1023,OK,
89,100,0.0238,0.0241,0.0234,0.0238,OK,
90,1,0.0076,0.0077,0.0079,0.0077,OK,
91,5,0.0197,0.0161,0.0176,0.0176,OK,
92,1,0.0081,0.0079,0.0082,0.0081,OK,
93,100,0.0379,0.0382,0.0381,0.0381,OK,
94,1,0.0178,0.0159,0.0188,0.0178,OK,
95,1,0.1328,0.1340,0.1316,0.1328,OK,
96,1,0.0157,0.0133,0.0140,0.0140,OK,
97,1,0.0429,0.0451,0.0404,0.0429,OK,
98,2600,0.0279,0.0284,0.0292,0.0284,OK,
99,90,0.0216,0.0247,0.0215,0.0216,OK,
